"","Girth","Height","Volume"
"Girth",1,0.519280071949937,0.96711936825563
"Height",0.519280071949937,1,0.598249651991782
"Volume",0.96711936825563,0.598249651991782,1
